DROP TABLE IF EXISTS users;
DROP TABLE IF EXISTS user_device;
DROP TABLE IF EXISTS user_token;
DROP TABLE IF EXISTS user_bank_card;

CREATE TABLE users (
  id INT AUTO_INCREMENT  PRIMARY KEY,
  user_id INT,
  name VARCHAR(250) NOT NULL,
  email  VARCHAR(250) NOT NULL
);

CREATE TABLE user_device (
  id INT AUTO_INCREMENT  PRIMARY KEY,
  user_id INT NOT NULL,
  device_hash VARCHAR(250) NOT NULL
);

CREATE TABLE user_token (
  id INT AUTO_INCREMENT  PRIMARY KEY,
  user_id INT NOT NULL,
  token VARCHAR(2000) NOT NULL
);

CREATE TABLE user_bank_card (
  id INT AUTO_INCREMENT  PRIMARY KEY,
  user_id INT NOT NULL,
  card_id VARCHAR(100) NOT NULL, 
  card_number BIGINT NOT NULL,
  cvc INT NOT NULL,
  name VARCHAR(250) NOT NULL,
  amount INT NOT NULL,
  currency VARCHAR(50) NOT NULL
);


INSERT INTO users (user_id, name, email) VALUES 
(1000, 'Teszt Aladár', 'teszt.aladar@otpmobil.com'),
(2000, 'Teszt Benedek', 'teszt.benedek@otpmobil.com'),
(3000, 'Teszt Cecília', 'teszt.cecilia@otpmobil.com');

INSERT INTO user_device (user_id, device_hash) VALUES 
(1000,'F67C2BCBFCFA30FCCB36F72DCA22A817'),
(1000,'0F1674BD19D3BBDD4C39E14734FFB876'),
(1000,'3AE5E9658FBD7D4048BD40820B7D227D'),
(2000,'FADDFEA562F3C914DCC81956682DB0FC'),
(3000,'E68560872BDB2DF2FFE7ADC091755378');

INSERT INTO user_token (user_id, token) VALUES 
(1000,'dGVzenQuYWxhZGFyQG90cG1vYmlsLmNvbSYxMDAwJkY2N0MyQkNCRkNGQTMwRkNDQjM2RjcyRENBMjJBODE3'),
(2000,'dGVzenQuYmVuZWRla0BvdHBtb2JpbC5jb20mMjAwMCZGQURERkVBNTYyRjNDOTE0RENDODE5NTY2ODJEQjBGQw=='),
(3000,'dGVzenQuY2VjaWxpYUBvdHBtb2JpbC5jb20mMzAwMCZFNjg1NjA4NzJCREIyREYyRkZFN0FEQzA5MTc1NTM3OA=='),
(1000,'dGVzenQuYWxhZGFyQG90cG1vYmlsLmNvbSYxMDAwJjBGMTY3NEJEMTlEM0JCREQ0QzM5RTE0NzM0RkZCODc2'),
(1000,'dGVzenQuYWxhZGFyQG90cG1vYmlsLmNvbSYxMDAwJjNBRTVFOTY1OEZCRDdENDA0OEJENDA4MjBCN0QyMjdE');

INSERT INTO user_bank_card (user_id, card_id, card_number, cvc, name, amount, currency) VALUES 
(1000,'C0001',5299706965433676,123,'Teszt Aladár',1000,'HUF'),
(2000,'C0002',5390508354245119,456,'Teszt Benedek',2000,'HUF'),
(3000,'C0003',4929088924014470,789,'Teszt Cecília',3000,'HUF');

